Binary,Description,Binary Path(s),Function(s),Type,Attack Technique(s),Mitre URL(s)
AppInstaller.exe,Tool used for installation of AppX/MSIX applications on Windows 10,C:\Program Files\WindowsApps\Microsoft.DesktopAppInstaller_1.11.2521.0_x64__8wekyb3d8bbwe\AppInstaller.exe,Download,Binaries,T1105,https://attack.mitre.org/techniques/T1105 
Aspnet_Compiler.exe,ASP.NET Compilation Tool,c:\Windows\Microsoft.NET\Framework\v4.0.30319\aspnet_compiler.exe | c:\Windows\Microsoft.NET\Framework64\v4.0.30319\aspnet_compiler.exe,AWL bypass,Binaries,T1127,https://attack.mitre.org/techniques/T1127 
Atbroker.exe,Helper binary for Assistive Technology (AT),C:\Windows\System32\Atbroker.exe | C:\Windows\SysWOW64\Atbroker.exe,Execute,Binaries,T1218,https://attack.mitre.org/techniques/T1218 
Bash.exe,File used by Windows subsystem for Linux,C:\Windows\System32\bash.exe | C:\Windows\SysWOW64\bash.exe,Execute | AWL bypass,Binaries,T1202,https://attack.mitre.org/techniques/T1202 
Bitsadmin.exe,Used for managing background intelligent transfer,C:\Windows\System32\bitsadmin.exe | C:\Windows\SysWOW64\bitsadmin.exe,Alternate data streams | Download | Copy | Execute,Binaries,T1564.004 | T1105 | T1218,https://attack.mitre.org/techniques/T1564/004 | https://attack.mitre.org/techniques/T1105 | https://attack.mitre.org/techniques/T1218 
CertOC.exe,Used for installing certificates,c:\windows\system32\certoc.exe | c:\windows\syswow64\certoc.exe,Execute | Download,Binaries,T1218 | T1105,https://attack.mitre.org/techniques/T1218 | https://attack.mitre.org/techniques/T1105 
CertReq.exe,Used for requesting and managing certificates,C:\Windows\System32\certreq.exe | C:\Windows\SysWOW64\certreq.exe,Download | Upload,Binaries,T1105,https://attack.mitre.org/techniques/T1105 
Certutil.exe,Windows binary used for handling certificates,C:\Windows\System32\certutil.exe | C:\Windows\SysWOW64\certutil.exe,Download | Alternate data streams | Encode | Decode,Binaries,T1105 | T1564.004 | T1027 | T1140,https://attack.mitre.org/techniques/T1105 | https://attack.mitre.org/techniques/T1564/004 | https://attack.mitre.org/techniques/T1027 | https://attack.mitre.org/techniques/T1140 
Cmd.exe,The command-line interpreter in Windows,C:\Windows\System32\cmd.exe | C:\Windows\SysWOW64\cmd.exe,Alternate data streams,Binaries,T1059.003,https://attack.mitre.org/techniques/T1059/003 
Cmdkey.exe,creates; lists; and deletes stored user names and passwords or credentials.,C:\Windows\System32\cmdkey.exe | C:\Windows\SysWOW64\cmdkey.exe,Credentials,Binaries,T1078,https://attack.mitre.org/techniques/T1078 
cmdl32.exe,Microsoft Connection Manager Auto-Download,C:\Windows\System32\cmdl32.exe | C:\Windows\SysWOW64\cmdl32.exe,Download,Binaries,T1105,https://attack.mitre.org/techniques/T1105 
Cmstp.exe,Installs or removes a Connection Manager service profile.,C:\Windows\System32\cmstp.exe | C:\Windows\SysWOW64\cmstp.exe,Execute | AWL bypass,Binaries,T1218.003,https://attack.mitre.org/techniques/T1218/003 
ConfigSecurityPolicy.exe,Binary part of Windows Defender. Used to manage settings in Windows Defender. you can configure different pilot collections for each of the co-management workloads. Being able to use different pilot collections allows you to take a more granular approach when shifting workloads.,C:\ProgramData\Microsoft\Windows Defender\Platform\4.18.2008.9-0\ConfigSecurityPolicy.exe,Upload,Binaries,T1567,https://attack.mitre.org/techniques/T1567 
Control.exe,Binary used to launch controlpanel items in Windows,C:\Windows\System32\control.exe | C:\Windows\SysWOW64\control.exe,Alternate data streams,Binaries,T1218.002,https://attack.mitre.org/techniques/T1218/002 
Csc.exe,Binary file used by .NET to compile C# code,C:\Windows\Microsoft.NET\Framework\v4.0.30319\Csc.exe | C:\Windows\Microsoft.NET\Framework64\v4.0.30319\Csc.exe,Compile,Binaries,T1127,https://attack.mitre.org/techniques/T1127 
Cscript.exe,Binary used to execute scripts in Windows,C:\Windows\System32\cscript.exe | C:\Windows\SysWOW64\cscript.exe,Alternate data streams,Binaries,T1564.004,https://attack.mitre.org/techniques/T1564/004 
DataSvcUtil.exe,DataSvcUtil.exe is a command-line tool provided by WCF Data Services that consumes an Open Data Protocol (OData) feed and generates the client data service classes that are needed to access a data service from a .NET Framework client application.,C:\Windows\Microsoft.NET\Framework64\v3.5\DataSvcUtil.exe,Upload,Binaries,T1567,https://attack.mitre.org/techniques/T1567 
Desktopimgdownldr.exe,Windows binary used to configure lockscreen/desktop image,c:\windows\system32\desktopimgdownldr.exe,Download,Binaries,T1105,https://attack.mitre.org/techniques/T1105 
Dfsvc.exe,ClickOnce engine in Windows used by .NET,C:\Windows\Microsoft.NET\Framework\v2.0.50727\Dfsvc.exe | C:\Windows\Microsoft.NET\Framework64\v2.0.50727\Dfsvc.exe | C:\Windows\Microsoft.NET\Framework\v4.0.30319\Dfsvc.exe | C:\Windows\Microsoft.NET\Framework64\v4.0.30319\Dfsvc.exe,AWL bypass,Binaries,T1127,https://attack.mitre.org/techniques/T1127 
Diantz.exe,Binary that package existing files into a cabinet (.cab) file,c:\windows\system32\diantz.exe | c:\windows\syswow64\diantz.exe,Alternate data streams | Download,Binaries,T1564.004 | T1105,https://attack.mitre.org/techniques/T1564/004 | https://attack.mitre.org/techniques/T1105 
Diskshadow.exe,Diskshadow.exe is a tool that exposes the functionality offered by the volume shadow copy Service (VSS).,C:\Windows\System32\diskshadow.exe | C:\Windows\SysWOW64\diskshadow.exe,Dump | Execute,Binaries,T1003.003 | T1202,https://attack.mitre.org/techniques/T1003/003 | https://attack.mitre.org/techniques/T1202 
Dnscmd.exe,A command-line interface for managing DNS servers,C:\Windows\System32\Dnscmd.exe | C:\Windows\SysWOW64\Dnscmd.exe,Execute,Binaries,T1543.003,https://attack.mitre.org/techniques/T1543/003 
Esentutl.exe,Binary for working with Microsoft Joint Engine Technology (JET) database,C:\Windows\System32\esentutl.exe | C:\Windows\SysWOW64\esentutl.exe,Copy | Alternate data streams | Download,Binaries,T1105 | T1564.004 | T1003.003,https://attack.mitre.org/techniques/T1105 | https://attack.mitre.org/techniques/T1564/004 | https://attack.mitre.org/techniques/T1003/003 
Eventvwr.exe,Displays Windows Event Logs in a GUI window.,C:\Windows\System32\eventvwr.exe | C:\Windows\SysWOW64\eventvwr.exe,UAC bypass,Binaries,T1548.002,https://attack.mitre.org/techniques/T1548/002 
Expand.exe,Binary that expands one or more compressed files,C:\Windows\System32\Expand.exe | C:\Windows\SysWOW64\Expand.exe,Download | Copy | Alternate data streams,Binaries,T1105 | T1564.004,https://attack.mitre.org/techniques/T1105 | https://attack.mitre.org/techniques/T1564/004 
Explorer.exe,Binary used for managing files and system components within Windows,C:\Windows\explorer.exe | C:\Windows\SysWOW64\explorer.exe,Execute,Binaries,T1202,https://attack.mitre.org/techniques/T1202 
Extexport.exe,No description found,C:\Program Files\Internet Explorer\Extexport.exe | C:\Program Files (x86)\Internet Explorer\Extexport.exe,Execute,Binaries,T1218,https://attack.mitre.org/techniques/T1218 
Extrac32.exe,No description found,C:\Windows\System32\extrac32.exe | C:\Windows\SysWOW64\extrac32.exe,Alternate data streams | Download | Copy,Binaries,T1564.004 | T1105,https://attack.mitre.org/techniques/T1564/004 | https://attack.mitre.org/techniques/T1105 
Findstr.exe,No description found,C:\Windows\System32\findstr.exe | C:\Windows\SysWOW64\findstr.exe,Alternate data streams | Credentials | Download,Binaries,T1564.004 | T1552.001 | T1105,https://attack.mitre.org/techniques/T1564/004 | https://attack.mitre.org/techniques/T1552/001 | https://attack.mitre.org/techniques/T1105 
Finger.exe,Displays information about a user or users on a specified remote computer that is running the Finger service or daemon,c:\windows\system32\finger.exe | c:\windows\syswow64\finger.exe,Download,Binaries,T1105,https://attack.mitre.org/techniques/T1105 
fltMC.exe,Filter Manager Control Program used by Windows,C:\Windows\System32\fltMC.exe,Alternate data streams,Binaries,T1562.001,https://attack.mitre.org/techniques/T1562/001 
Forfiles.exe,Selects and executes a command on a file or set of files. This command is useful for batch processing.,C:\Windows\System32\forfiles.exe | C:\Windows\SysWOW64\forfiles.exe,Execute | Alternate data streams,Binaries,T1202 | T1564.004,https://attack.mitre.org/techniques/T1202 | https://attack.mitre.org/techniques/T1564/004 
Ftp.exe,A binary designed for connecting to FTP servers,C:\Windows\System32\ftp.exe | C:\Windows\SysWOW64\ftp.exe,Execute | Download,Binaries,T1202 | T1105,https://attack.mitre.org/techniques/T1202 | https://attack.mitre.org/techniques/T1105 
GfxDownloadWrapper.exe,Remote file download used by the Intel Graphics Control Panel; receives as first parameter a URL and a destination file path.,c:\windows\system32\driverstore\filerepository\64kb6472.inf_amd64_3daef03bbe98572b\ | c:\windows\system32\driverstore\filerepository\cui_comp.inf_amd64_0e9c57ae3396e055\ | c:\windows\system32\driverstore\filerepository\cui_comp.inf_amd64_209bd95d56b1ac2d\ | c:\windows\system32\driverstore\filerepository\cui_comp.inf_amd64_3fa2a843f8b7f16d\ | c:\windows\system32\driverstore\filerepository\cui_comp.inf_amd64_85c860f05274baa0\ | c:\windows\system32\driverstore\filerepository\cui_comp.inf_amd64_f7412e3e3404de80\ | c:\windows\system32\driverstore\filerepository\cui_comp.inf_amd64_feb9f1cf05b0de58\ | c:\windows\system32\driverstore\filerepository\cui_component.inf_amd64_0219cc1c7085a93f\ | c:\windows\system32\driverstore\filerepository\cui_component.inf_amd64_df4f60b1cae9b14a\ | c:\windows\system32\driverstore\filerepository\cui_dc_comp.inf_amd64_16eb18b0e2526e57\ | c:\windows\system32\driverstore\filerepository\cui_dc_comp.inf_amd64_1c77f1231c19bc72\ | c:\windows\system32\driverstore\filerepository\cui_dc_comp.inf_amd64_31c60cc38cfcca28\ | c:\windows\system32\driverstore\filerepository\cui_dc_comp.inf_amd64_82f69cea8b2d928f\ | c:\windows\system32\driverstore\filerepository\cui_dc_comp.inf_amd64_b4d94f3e41ceb839\ | c:\windows\system32\driverstore\filerepository\cui_dch.inf_amd64_0606619cc97463de\ | c:\windows\system32\driverstore\filerepository\cui_dch.inf_amd64_0e95edab338ad669\ | c:\windows\system32\driverstore\filerepository\cui_dch.inf_amd64_22aac1442d387216\ | c:\windows\system32\driverstore\filerepository\cui_dch.inf_amd64_2461d914696db722\ | c:\windows\system32\driverstore\filerepository\cui_dch.inf_amd64_29d727269a34edf5\ | c:\windows\system32\driverstore\filerepository\cui_dch.inf_amd64_2caf76dbce56546d\ | c:\windows\system32\driverstore\filerepository\cui_dch.inf_amd64_353320edb98da643\ | c:\windows\system32\driverstore\filerepository\cui_dch.inf_amd64_4ea0ed0af1507894\ | c:\windows\system32\driverstore\filerepository\cui_dch.inf_amd64_56a48f4f1c2da7a7\ | c:\windows\system32\driverstore\filerepository\cui_dch.inf_amd64_64f23fdadb76a511\ | c:\windows\system32\driverstore\filerepository\cui_dch.inf_amd64_668dd0c6d3f9fa0e\ | c:\windows\system32\driverstore\filerepository\cui_dch.inf_amd64_6be8e5b7f731a6e5\ | c:\windows\system32\driverstore\filerepository\cui_dch.inf_amd64_6dad7e4e9a8fa889\ | c:\windows\system32\driverstore\filerepository\cui_dch.inf_amd64_6df442103a1937a4\ | c:\windows\system32\driverstore\filerepository\cui_dch.inf_amd64_767e7683f9ad126c\ | c:\windows\system32\driverstore\filerepository\cui_dch.inf_amd64_8644298f665a12c4\ | c:\windows\system32\driverstore\filerepository\cui_dch.inf_amd64_868acf86149aef5d\ | c:\windows\system32\driverstore\filerepository\cui_dch.inf_amd64_92cf9d9d84f1d3db\ | c:\windows\system32\driverstore\filerepository\cui_dch.inf_amd64_93239c65f222d453\ | c:\windows\system32\driverstore\filerepository\cui_dch.inf_amd64_9de8154b682af864\ | c:\windows\system32\driverstore\filerepository\cui_dch.inf_amd64_a7428663aca90897\ | c:\windows\system32\driverstore\filerepository\cui_dch.inf_amd64_ad7cb5e55a410add\ | c:\windows\system32\driverstore\filerepository\cui_dch.inf_amd64_afbf41cf8ab202d7\ | c:\windows\system32\driverstore\filerepository\cui_dch.inf_amd64_d193c96475eaa96e\ | c:\windows\system32\driverstore\filerepository\cui_dch.inf_amd64_db953c52208ada71\ | c:\windows\system32\driverstore\filerepository\cui_dch.inf_amd64_e7523682cc7528cc\ | c:\windows\system32\driverstore\filerepository\cui_dch.inf_amd64_e9f341319ca84274\ | c:\windows\system32\driverstore\filerepository\cui_dch.inf_amd64_f3a64c75ee4defb7\ | c:\windows\system32\driverstore\filerepository\cui_dch.inf_amd64_f51939e52b944f4b\ | c:\windows\system32\driverstore\filerepository\cui_dch_comp.inf_amd64_4938423c9b9639d7\ | c:\windows\system32\driverstore\filerepository\cui_dch_comp.inf_amd64_c8e108d4a62c59d5\ | c:\windows\system32\driverstore\filerepository\cui_dch_comp.inf_amd64_deecec7d232ced2b\ | c:\windows\system32\driverstore\filerepository\igdlh64.inf_amd64_01ee1299f4982efe\ | c:\windows\system32\driverstore\filerepository\igdlh64.inf_amd64_02edfc87000937e4\ | c:\windows\system32\driverstore\filerepository\igdlh64.inf_amd64_0541b698fc6e40b0\ | c:\windows\system32\driverstore\filerepository\igdlh64.inf_amd64_0707757077710fff\ | c:\windows\system32\driverstore\filerepository\igdlh64.inf_amd64_0b3e3ed3ace9602a\ | c:\windows\system32\driverstore\filerepository\igdlh64.inf_amd64_0cff362f9dff4228\ | c:\windows\system32\driverstore\filerepository\igdlh64.inf_amd64_16ed7d82b93e4f68\ | c:\windows\system32\driverstore\filerepository\igdlh64.inf_amd64_1a33d2f73651d989\ | c:\windows\system32\driverstore\filerepository\igdlh64.inf_amd64_1aca2a92a37fce23\ | c:\windows\system32\driverstore\filerepository\igdlh64.inf_amd64_1af2dd3e4df5fd61\ | c:\windows\system32\driverstore\filerepository\igdlh64.inf_amd64_1d571527c7083952\ | c:\windows\system32\driverstore\filerepository\igdlh64.inf_amd64_23f7302c2b9ee813\ | c:\windows\system32\driverstore\filerepository\igdlh64.inf_amd64_24de78387e6208e4\ | c:\windows\system32\driverstore\filerepository\igdlh64.inf_amd64_250db833a1cd577e\ | c:\windows\system32\driverstore\filerepository\igdlh64.inf_amd64_25e7c5a58c052bc5\ | c:\windows\system32\driverstore\filerepository\igdlh64.inf_amd64_28d80681d3523b1c\ | c:\windows\system32\driverstore\filerepository\igdlh64.inf_amd64_2dda3b1147a3a572\ | c:\windows\system32\driverstore\filerepository\igdlh64.inf_amd64_31ba00ea6900d67d\ | c:\windows\system32\driverstore\filerepository\igdlh64.inf_amd64_329877a66f240808\ | c:\windows\system32\driverstore\filerepository\igdlh64.inf_amd64_42af9f4718aa1395\ | c:\windows\system32\driverstore\filerepository\igdlh64.inf_amd64_4645af5c659ae51a\ | c:\windows\system32\driverstore\filerepository\igdlh64.inf_amd64_48c2e68e54c92258\ | c:\windows\system32\driverstore\filerepository\igdlh64.inf_amd64_48e7e903a369eae2\ | c:\windows\system32\driverstore\filerepository\igdlh64.inf_amd64_491d20003583dabe\ | c:\windows\system32\driverstore\filerepository\igdlh64.inf_amd64_4b34c18659561116\ | c:\windows\system32\driverstore\filerepository\igdlh64.inf_amd64_51ce968bf19942c2\ | c:\windows\system32\driverstore\filerepository\igdlh64.inf_amd64_555cfc07a674ecdd\ | c:\windows\system32\driverstore\filerepository\igdlh64.inf_amd64_561bd21d54545ed3\ | c:\windows\system32\driverstore\filerepository\igdlh64.inf_amd64_579a75f602cc2dce\ | c:\windows\system32\driverstore\filerepository\igdlh64.inf_amd64_57f66a4f0a97f1a3\ | c:\windows\system32\driverstore\filerepository\igdlh64.inf_amd64_587befb80671fb38\ | c:\windows\system32\driverstore\filerepository\igdlh64.inf_amd64_62f096fe77e085c0\ | c:\windows\system32\driverstore\filerepository\igdlh64.inf_amd64_6ae0ddbb4a38e23c\ | c:\windows\system32\driverstore\filerepository\igdlh64.inf_amd64_6bb02522ea3fdb0d\ | c:\windows\system32\driverstore\filerepository\igdlh64.inf_amd64_6d34ac0763025a06\ | c:\windows\system32\driverstore\filerepository\igdlh64.inf_amd64_712b6a0adbaabc0a\ | c:\windows\system32\driverstore\filerepository\igdlh64.inf_amd64_78b09d9681a2400f\ | c:\windows\system32\driverstore\filerepository\igdlh64.inf_amd64_842874489af34daa\ | c:\windows\system32\driverstore\filerepository\igdlh64.inf_amd64_88084eb1fe7cebc3\ | c:\windows\system32\driverstore\filerepository\igdlh64.inf_amd64_89033455cb08186f\ | c:\windows\system32\driverstore\filerepository\igdlh64.inf_amd64_8a9535cd18c90bc3\ | c:\windows\system32\driverstore\filerepository\igdlh64.inf_amd64_8c1fc948b5a01c52\ | c:\windows\system32\driverstore\filerepository\igdlh64.inf_amd64_9088b61921a6ff9f\ | c:\windows\system32\driverstore\filerepository\igdlh64.inf_amd64_90f68cd0dc48b625\ | c:\windows\system32\driverstore\filerepository\igdlh64.inf_amd64_95cb371d046d4b4c\ | c:\windows\system32\driverstore\filerepository\igdlh64.inf_amd64_a58de0cf5f3e9dca\ | c:\windows\system32\driverstore\filerepository\igdlh64.inf_amd64_abe9d37302f8b1ae\ | c:\windows\system32\driverstore\filerepository\igdlh64.inf_amd64_acb3edda7b82982f\ | c:\windows\system32\driverstore\filerepository\igdlh64.inf_amd64_aebc5a8535dd3184\ | c:\windows\system32\driverstore\filerepository\igdlh64.inf_amd64_b5d4c82c67b39358\ | c:\windows\system32\driverstore\filerepository\igdlh64.inf_amd64_b846bbf1e81ea3cf\ | c:\windows\system32\driverstore\filerepository\igdlh64.inf_amd64_babb2e8b8072ff3b\ | c:\windows\system32\driverstore\filerepository\igdlh64.inf_amd64_bc75cebf5edbbc50\ | c:\windows\system32\driverstore\filerepository\igdlh64.inf_amd64_be91293cf20d4372\ | c:\windows\system32\driverstore\filerepository\igdlh64.inf_amd64_c11f4d5f0bc4c592\ | c:\windows\system32\driverstore\filerepository\igdlh64.inf_amd64_c4e5173126d31cf0\ | c:\windows\system32\driverstore\filerepository\igdlh64.inf_amd64_c4f600ffe34acc7b\ | c:\windows\system32\driverstore\filerepository\igdlh64.inf_amd64_c8634ed19e331cda\ | c:\windows\system32\driverstore\filerepository\igdlh64.inf_amd64_c9081e50bcffa972\ | c:\windows\system32\driverstore\filerepository\igdlh64.inf_amd64_ceddadac8a2b489e\ | c:\windows\system32\driverstore\filerepository\igdlh64.inf_amd64_d4406f0ad6ec2581\ | c:\windows\system32\driverstore\filerepository\igdlh64.inf_amd64_d5877a2e0e6374b6\ | c:\windows\system32\driverstore\filerepository\igdlh64.inf_amd64_d8ca5f86add535ef\ | c:\windows\system32\driverstore\filerepository\igdlh64.inf_amd64_e8abe176c7b553b5\ | c:\windows\system32\driverstore\filerepository\igdlh64.inf_amd64_eabb3ac2c517211f\ | c:\windows\system32\driverstore\filerepository\igdlh64.inf_amd64_f8d8be8fea71e1a0\ | c:\windows\system32\driverstore\filerepository\igdlh64.inf_amd64_fe5e116bb07c0629\ | c:\windows\system32\driverstore\filerepository\igdlh64.inf_amd64_fe73d2ebaa05fb95\ | c:\windows\system32\driverstore\filerepository\igdlh64_kbl_kit127397.inf_amd64_e1da8ee9e92ccadb\ | c:\windows\system32\driverstore\filerepository\k127153.inf_amd64_364f43f2a27f7bd7\ | c:\windows\system32\driverstore\filerepository\k127153.inf_amd64_3f3936d8dec668b8\ | c:\windows\system32\driverstore\filerepository\k127793.inf_amd64_3ab7883eddccbf0f\ | c:\windows\system32\driverstore\filerepository\ki129523.inf_amd64_32947eecf8f3e231\ | c:\windows\system32\driverstore\filerepository\ki126950.inf_amd64_fa7f56314967630d\ | c:\windows\system32\driverstore\filerepository\ki126951.inf_amd64_94804e3918169543\ | c:\windows\system32\driverstore\filerepository\ki126973.inf_amd64_06dde156632145e3\ | c:\windows\system32\driverstore\filerepository\ki126974.inf_amd64_9168fc04b8275db9\ | c:\windows\system32\driverstore\filerepository\ki127005.inf_amd64_753576c4406c1193\ | c:\windows\system32\driverstore\filerepository\ki127018.inf_amd64_0f67ff47e9e30716\ | c:\windows\system32\driverstore\filerepository\ki127021.inf_amd64_0d68af55c12c7c17\ | c:\windows\system32\driverstore\filerepository\ki127171.inf_amd64_368f8c7337214025\ | c:\windows\system32\driverstore\filerepository\ki127176.inf_amd64_86c658cabfb17c9c\ | c:\windows\system32\driverstore\filerepository\ki127390.inf_amd64_e1ccb879ece8f084\ | c:\windows\system32\driverstore\filerepository\ki127678.inf_amd64_8427d3a09f47dfc1\ | c:\windows\system32\driverstore\filerepository\ki127727.inf_amd64_cf8e31692f82192e\ | c:\windows\system32\driverstore\filerepository\ki127807.inf_amd64_fc915899816dbc5d\ | c:\windows\system32\driverstore\filerepository\ki127850.inf_amd64_6ad8d99023b59fd5\ | c:\windows\system32\driverstore\filerepository\ki128602.inf_amd64_6ff790822fd674ab\ | c:\windows\system32\driverstore\filerepository\ki128916.inf_amd64_3509e1eb83b83cfb\ | c:\windows\system32\driverstore\filerepository\ki129407.inf_amd64_f26f36ac54ce3076\ | c:\windows\system32\driverstore\filerepository\ki129633.inf_amd64_d9b8af875f664a8c\ | c:\windows\system32\driverstore\filerepository\ki129866.inf_amd64_e7cdca9882c16f55\ | c:\windows\system32\driverstore\filerepository\ki130274.inf_amd64_bafd2440fa1ffdd6\ | c:\windows\system32\driverstore\filerepository\ki130350.inf_amd64_696b7c6764071b63\ | c:\windows\system32\driverstore\filerepository\ki130409.inf_amd64_0d8d61270dfb4560\ | c:\windows\system32\driverstore\filerepository\ki130471.inf_amd64_26ad6921447aa568\ | c:\windows\system32\driverstore\filerepository\ki130624.inf_amd64_d85487143eec5e1a\ | c:\windows\system32\driverstore\filerepository\ki130825.inf_amd64_ee3ba427c553f15f\ | c:\windows\system32\driverstore\filerepository\ki130871.inf_amd64_382f7c369d4bf777\ | c:\windows\system32\driverstore\filerepository\ki131064.inf_amd64_5d13f27a9a9843fa\ | c:\windows\system32\driverstore\filerepository\ki131176.inf_amd64_fb4fe914575fdd15\ | c:\windows\system32\driverstore\filerepository\ki131191.inf_amd64_d668106cb6f2eae0\ | c:\windows\system32\driverstore\filerepository\ki131622.inf_amd64_0058d71ace34db73\ | c:\windows\system32\driverstore\filerepository\ki132032.inf_amd64_f29660d80998e019\ | c:\windows\system32\driverstore\filerepository\ki132337.inf_amd64_223d6831ffa64ab1\ | c:\windows\system32\driverstore\filerepository\ki132535.inf_amd64_7875dff189ab2fa2\ | c:\windows\system32\driverstore\filerepository\ki132544.inf_amd64_b8c1f31373153db4\ | c:\windows\system32\driverstore\filerepository\ki132574.inf_amd64_54c9b905b975ee55\ | c:\windows\system32\driverstore\filerepository\ki132869.inf_amd64_052eb72d070df60f\ | c:\windows\system32\driverstore\filerepository\kit126731.inf_amd64_1905c9d5f38631d9\,Download,Binaries,T1105,https://attack.mitre.org/techniques/T1105 
Gpscript.exe,Used by group policy to process scripts,C:\Windows\System32\gpscript.exe | C:\Windows\SysWOW64\gpscript.exe,Execute,Binaries,T1218,https://attack.mitre.org/techniques/T1218 
Hh.exe,Binary used for processing chm files in Windows,C:\Windows\hh.exe | C:\Windows\SysWOW64\hh.exe,Download | Execute,Binaries,T1105 | T1218.001,https://attack.mitre.org/techniques/T1105 | https://attack.mitre.org/techniques/T1218/001 
IMEWDBLD.exe,Microsoft IME Open Extended Dictionary Module,C:\Windows\System32\IME\SHARED\IMEWDBLD.exe,Download,Binaries,T1105,https://attack.mitre.org/techniques/T1105 
Ie4uinit.exe,No description found,c:\windows\system32\ie4uinit.exe | c:\windows\sysWOW64\ie4uinit.exe | c:\windows\system32\ieuinit.inf | c:\windows\sysWOW64\ieuinit.inf,Execute,Binaries,T1218,https://attack.mitre.org/techniques/T1218 
Ieexec.exe,The IEExec.exe application is an undocumented Microsoft .NET Framework application that is included with the .NET Framework. You can use the IEExec.exe application as a host to run other managed applications that you start by using a URL.,C:\Windows\Microsoft.NET\Framework\v2.0.50727\ieexec.exe | C:\Windows\Microsoft.NET\Framework64\v2.0.50727\ieexec.exe,Download | Execute,Binaries,T1105 | T1218,https://attack.mitre.org/techniques/T1105 | https://attack.mitre.org/techniques/T1218 
Ilasm.exe,used for compile c# code into dll or exe.,C:\Windows\Microsoft.NET\Framework\v4.0.30319\ilasm.exe | C:\Windows\Microsoft.NET\Framework64\v4.0.30319\ilasm.exe,Compile,Binaries,T1127,https://attack.mitre.org/techniques/T1127 
Infdefaultinstall.exe,Binary used to perform installation based on content inside inf files,C:\Windows\System32\Infdefaultinstall.exe | C:\Windows\SysWOW64\Infdefaultinstall.exe,Execute,Binaries,T1218,https://attack.mitre.org/techniques/T1218 
Installutil.exe,The Installer tool is a command-line utility that allows you to install and uninstall server resources by executing the installer components in specified assemblies,C:\Windows\Microsoft.NET\Framework\v2.0.50727\InstallUtil.exe | C:\Windows\Microsoft.NET\Framework64\v2.0.50727\InstallUtil.exe | C:\Windows\Microsoft.NET\Framework\v4.0.30319\InstallUtil.exe | C:\Windows\Microsoft.NET\Framework64\v4.0.30319\InstallUtil.exe,AWL bypass | Execute,Binaries,T1218.004,https://attack.mitre.org/techniques/T1218/004 
Jsc.exe,Binary file used by .NET to compile javascript code to .exe or .dll format,C:\Windows\Microsoft.NET\Framework\v4.0.30319\Jsc.exe | C:\Windows\Microsoft.NET\Framework64\v4.0.30319\Jsc.exe | C:\Windows\Microsoft.NET\Framework\v2.0.50727\Jsc.exe | C:\Windows\Microsoft.NET\Framework64\v2.0.50727\Jsc.exe,Compile,Binaries,T1127,https://attack.mitre.org/techniques/T1127 
Makecab.exe,Binary to package existing files into a cabinet (.cab) file,C:\Windows\System32\makecab.exe | C:\Windows\SysWOW64\makecab.exe,Alternate data streams | Download,Binaries,T1564.004 | T1105,https://attack.mitre.org/techniques/T1564/004 | https://attack.mitre.org/techniques/T1105 
Mavinject.exe,Used by App-v in Windows,C:\Windows\System32\mavinject.exe | C:\Windows\SysWOW64\mavinject.exe,Execute | Alternate data streams,Binaries,T1218.013 | T1564.004,https://attack.mitre.org/techniques/T1218/013 | https://attack.mitre.org/techniques/T1564/004 
Microsoft.Workflow.Compiler.exe,A utility included with .NET that is capable of compiling and executing C# or VB.net code.,C:\Windows\Microsoft.Net\Framework64\v4.0.30319\Microsoft.Workflow.Compiler.exe,Execute | AWL bypass,Binaries,T1127,https://attack.mitre.org/techniques/T1127 
Mmc.exe,Load snap-ins to locally and remotely manage Windows systems,C:\Windows\System32\mmc.exe | C:\Windows\SysWOW64\mmc.exe,Execute | UAC bypass,Binaries,T1218.014,https://attack.mitre.org/techniques/T1218/014 
MpCmdRun.exe,Binary part of Windows Defender. Used to manage settings in Windows Defender,C:\ProgramData\Microsoft\Windows Defender\Platform\4.18.2008.4-0\MpCmdRun.exe | C:\ProgramData\Microsoft\Windows Defender\Platform\4.18.2008.7-0\MpCmdRun.exe | C:\ProgramData\Microsoft\Windows Defender\Platform\4.18.2008.9-0\MpCmdRun.exe,Download | Alternate data streams,Binaries,T1105 | T1564.004,https://attack.mitre.org/techniques/T1105 | https://attack.mitre.org/techniques/T1564/004 
Msbuild.exe,Used to compile and execute code,C:\Windows\Microsoft.NET\Framework\v2.0.50727\Msbuild.exe | C:\Windows\Microsoft.NET\Framework64\v2.0.50727\Msbuild.exe | C:\Windows\Microsoft.NET\Framework\v3.5\Msbuild.exe | C:\Windows\Microsoft.NET\Framework64\v3.5\Msbuild.exe | C:\Windows\Microsoft.NET\Framework\v4.0.30319\Msbuild.exe | C:\Windows\Microsoft.NET\Framework64\v4.0.30319\Msbuild.exe | C:\Program Files (x86)\MSBuild\14.0\bin\MSBuild.exe,AWL bypass | Execute,Binaries,T1127.001,https://attack.mitre.org/techniques/T1127/001 
Msconfig.exe,MSConfig is a troubleshooting tool which is used to temporarily disable or re-enable software; device drivers or Windows services that run during startup process to help the user determine the cause of a problem with Windows,C:\Windows\System32\msconfig.exe,Execute,Binaries,T1218,https://attack.mitre.org/techniques/T1218 
Msdt.exe,Microsoft diagnostics tool,C:\Windows\System32\Msdt.exe | C:\Windows\SysWOW64\Msdt.exe,Execute | AWL bypass,Binaries,T1218,https://attack.mitre.org/techniques/T1218 
Mshta.exe,Used by Windows to execute html applications. (.hta),C:\Windows\System32\mshta.exe | C:\Windows\SysWOW64\mshta.exe,Execute | Alternate data streams,Binaries,T1218.005,https://attack.mitre.org/techniques/T1218/005 
Msiexec.exe,Used by Windows to execute msi files,C:\Windows\System32\msiexec.exe | C:\Windows\SysWOW64\msiexec.exe,Execute,Binaries,T1218.007,https://attack.mitre.org/techniques/T1218/007 
Netsh.exe,Netsh is a Windows tool used to manipulate network interface settings.,C:\WINDOWS\System32\Netsh.exe | C:\WINDOWS\SysWOW64\Netsh.exe,Execute,Binaries,T1546.007,https://attack.mitre.org/techniques/T1546/007 
Odbcconf.exe,Used in Windows for managing ODBC connections,C:\Windows\System32\odbcconf.exe | C:\Windows\SysWOW64\odbcconf.exe,Execute,Binaries,T1218.008,https://attack.mitre.org/techniques/T1218/008 
OfflineScannerShell.exe,Windows Defender Offline Shell,C:\Program Files\Windows Defender\Offline\OfflineScannerShell.exe,Execute,Binaries,T1218,https://attack.mitre.org/techniques/T1218 
OneDriveStandaloneUpdater.exe,OneDrive Standalone Updater,%localappdata%\Microsoft\OneDrive\OneDriveStandaloneUpdater.exe,Download,Binaries,T1105,https://attack.mitre.org/techniques/T1105 
Pcalua.exe,Program Compatibility Assistant,C:\Windows\System32\pcalua.exe,Execute,Binaries,T1202,https://attack.mitre.org/techniques/T1202 
Pcwrun.exe,Program Compatibility Wizard,C:\Windows\System32\pcwrun.exe,Execute,Binaries,T1218,https://attack.mitre.org/techniques/T1218 
Pktmon.exe,Capture Network Packets on the windows 10 with October 2018 Update or later.,c:\windows\system32\pktmon.exe | c:\windows\syswow64\pktmon.exe,Reconnaissance,Binaries,T1040,https://attack.mitre.org/techniques/T1040 
Pnputil.exe,Used for installing drivers,C:\Windows\system32\pnputil.exe,Execute,Binaries,T1547,https://attack.mitre.org/techniques/T1547 
Presentationhost.exe,File is used for executing Browser applications,C:\Windows\System32\Presentationhost.exe | C:\Windows\SysWOW64\Presentationhost.exe,Execute,Binaries,T1218,https://attack.mitre.org/techniques/T1218 
Print.exe,Used by Windows to send files to the printer,C:\Windows\System32\print.exe | C:\Windows\SysWOW64\print.exe,Alternate data streams | Copy,Binaries,T1564.004 | T1105,https://attack.mitre.org/techniques/T1564/004 | https://attack.mitre.org/techniques/T1105 
PrintBrm.exe,Printer Migration Command-Line Tool,C:\Windows\System32\spool\tools\PrintBrm.exe,Download | Alternate data streams,Binaries,T1105 | T1564.004,https://attack.mitre.org/techniques/T1105 | https://attack.mitre.org/techniques/T1564/004 
Psr.exe,Windows Problem Steps Recorder; used to record screen and clicks.,c:\windows\system32\psr.exe | c:\windows\syswow64\psr.exe,Reconnaissance,Binaries,T1113,https://attack.mitre.org/techniques/T1113 
Rasautou.exe,Windows Remote Access Dialer,C:\Windows\System32\rasautou.exe,Execute,Binaries,T1218,https://attack.mitre.org/techniques/T1218 
rdrleakdiag.exe,Microsoft Windows resource leak diagnostic tool,c:\windows\system32\rdrleakdiag.exe | c:\Windows\SysWOW64\rdrleakdiag.exe,Dump,Binaries,T1003 | T1003.001,https://attack.mitre.org/techniques/T1003 | https://attack.mitre.org/techniques/T1003/001 
Reg.exe,Used to manipulate the registry,C:\Windows\System32\reg.exe | C:\Windows\SysWOW64\reg.exe,Alternate data streams | Credentials,Binaries,T1564.004 | T1003.002,https://attack.mitre.org/techniques/T1564/004 | https://attack.mitre.org/techniques/T1003/002 
Regasm.exe,Part of .NET,C:\Windows\Microsoft.NET\Framework\v2.0.50727\regasm.exe | C:\Windows\Microsoft.NET\Framework64\v2.0.50727\regasm.exe | C:\Windows\Microsoft.NET\Framework\v4.0.30319\regasm.exe | C:\Windows\Microsoft.NET\Framework64\v4.0.30319\regasm.exe,AWL bypass | Execute,Binaries,T1218.009,https://attack.mitre.org/techniques/T1218/009 
Regedit.exe,Used by Windows to manipulate registry,C:\Windows\System32\regedit.exe | C:\Windows\SysWOW64\regedit.exe,Alternate data streams,Binaries,T1564.004,https://attack.mitre.org/techniques/T1564/004 
Regini.exe,Used to manipulate the registry,C:\Windows\System32\regini.exe | C:\Windows\SysWOW64\regini.exe,Alternate data streams,Binaries,T1564.004,https://attack.mitre.org/techniques/T1564/004 
Register-cimprovider.exe,Used to register new wmi providers,C:\Windows\System32\Register-cimprovider.exe | C:\Windows\SysWOW64\Register-cimprovider.exe,Execute,Binaries,T1218,https://attack.mitre.org/techniques/T1218 
Regsvcs.exe,Regsvcs and Regasm are Windows command-line utilities that are used to register .NET Component Object Model (COM) assemblies,C:\Windows\System32\regsvcs.exe | C:\Windows\SysWOW64\regsvcs.exe,Execute | AWL bypass,Binaries,T1218.009,https://attack.mitre.org/techniques/T1218/009 
Regsvr32.exe,Used by Windows to register dlls,C:\Windows\System32\regsvr32.exe | C:\Windows\SysWOW64\regsvr32.exe,AWL bypass | Execute,Binaries,T1218.010,https://attack.mitre.org/techniques/T1218/010 
Replace.exe,Used to replace file with another file,C:\Windows\System32\replace.exe | C:\Windows\SysWOW64\replace.exe,Copy | Download,Binaries,T1105,https://attack.mitre.org/techniques/T1105 
Rpcping.exe,Used to verify rpc connection,C:\Windows\System32\rpcping.exe | C:\Windows\SysWOW64\rpcping.exe,Credentials,Binaries,T1003 | T1187,https://attack.mitre.org/techniques/T1003 | https://attack.mitre.org/techniques/T1187 
Rundll32.exe,Used by Windows to execute dll files,C:\Windows\System32\rundll32.exe | C:\Windows\SysWOW64\rundll32.exe,Execute | Alternate data streams,Binaries,T1218.011 | T1564.004,https://attack.mitre.org/techniques/T1218/011 | https://attack.mitre.org/techniques/T1564/004 
Runonce.exe,No description found,C:\Windows\System32\runonce.exe | C:\Windows\SysWOW64\runonce.exe,Execute,Binaries,T1218,https://attack.mitre.org/techniques/T1218 
Runscripthelper.exe,No description found,C:\Windows\WinSxS\amd64_microsoft-windows-u..ed-telemetry-client_31bf3856ad364e35_10.0.16299.15_none_c2df1bba78111118\Runscripthelper.exe | C:\Windows\WinSxS\amd64_microsoft-windows-u..ed-telemetry-client_31bf3856ad364e35_10.0.16299.192_none_ad4699b571e00c4a\Runscripthelper.exe,Execute,Binaries,T1218,https://attack.mitre.org/techniques/T1218 
Sc.exe,Used by Windows to manage services,C:\Windows\System32\sc.exe | C:\Windows\SysWOW64\sc.exe,Alternate data streams,Binaries,T1564.004,https://attack.mitre.org/techniques/T1564/004 
Schtasks.exe,Schedule periodic tasks,c:\windows\system32\schtasks.exe | c:\windows\syswow64\schtasks.exe,Execute,Binaries,T1053.005,https://attack.mitre.org/techniques/T1053/005 
Scriptrunner.exe,No description found,C:\Windows\System32\scriptrunner.exe | C:\Windows\SysWOW64\scriptrunner.exe,Execute,Binaries,T1202 | T1218,https://attack.mitre.org/techniques/T1202 | https://attack.mitre.org/techniques/T1218 
SettingSyncHost.exe,Host Process for Setting Synchronization,C:\Windows\System32\SettingSyncHost.exe | C:\Windows\SysWOW64\SettingSyncHost.exe,Execute,Binaries,T1218,https://attack.mitre.org/techniques/T1218 
Stordiag.exe,Storage diagnostic tool,c:\windows\system32\stordiag.exe | c:\windows\syswow64\stordiag.exe,Execute,Binaries,T1218,https://attack.mitre.org/techniques/T1218 
SyncAppvPublishingServer.exe,Used by App-v to get App-v server lists,C:\Windows\System32\SyncAppvPublishingServer.exe | C:\Windows\SysWOW64\SyncAppvPublishingServer.exe,Execute,Binaries,T1218,https://attack.mitre.org/techniques/T1218 
Ttdinject.exe,Used by Windows 1809 and newer to Debug Time Travel (Underlying call of tttracer.exe),C:\Windows\System32\ttdinject.exe | C:\Windows\Syswow64\ttdinject.exe,Execute,Binaries,T1127,https://attack.mitre.org/techniques/T1127 
Tttracer.exe,Used by Windows 1809 and newer to Debug Time Travel,C:\Windows\System32\tttracer.exe | C:\Windows\SysWOW64\tttracer.exe,Execute | Dump,Binaries,T1127 | T1003,https://attack.mitre.org/techniques/T1127 | https://attack.mitre.org/techniques/T1003 
vbc.exe,Binary file used for compile vbs code,C:\Windows\Microsoft.NET\Framework64\v4.0.30319\vbc.exe | C:\Windows\Microsoft.NET\Framework64\v3.5\vbc.exe,Compile,Binaries,T1127,https://attack.mitre.org/techniques/T1127 
Verclsid.exe,No description found,C:\Windows\System32\verclsid.exe | C:\Windows\SysWOW64\verclsid.exe,Execute,Binaries,T1218.012,https://attack.mitre.org/techniques/T1218/012 
Wab.exe,Windows address book manager,C:\Program Files\Windows Mail\wab.exe | C:\Program Files (x86)\Windows Mail\wab.exe,Execute,Binaries,T1218,https://attack.mitre.org/techniques/T1218 
Wlrmdr.exe,Windows Logon Reminder executable,c:\windows\system32\wlrmdr.exe,Execute,Binaries,T1202,https://attack.mitre.org/techniques/T1202 
Wmic.exe,The WMI command-line (WMIC) utility provides a command-line interface for WMI,C:\Windows\System32\wbem\wmic.exe | C:\Windows\SysWOW64\wbem\wmic.exe,Alternate data streams | Execute,Binaries,T1564.004 | T1218,https://attack.mitre.org/techniques/T1564/004 | https://attack.mitre.org/techniques/T1218 
WorkFolders.exe,Work Folders,C:\Windows\System32\WorkFolders.exe,Execute,Binaries,T1218,https://attack.mitre.org/techniques/T1218 
Wscript.exe,Used by Windows to execute scripts,C:\Windows\System32\wscript.exe | C:\Windows\SysWOW64\wscript.exe,Alternate data streams,Binaries,T1564.004,https://attack.mitre.org/techniques/T1564/004 
Wsreset.exe,Used to reset Windows Store settings according to its manifest file,C:\Windows\System32\wsreset.exe,UAC bypass,Binaries,T1548.002,https://attack.mitre.org/techniques/T1548/002 
wuauclt.exe,Windows Update Client,C:\Windows\System32\wuauclt.exe,Execute,Binaries,T1218,https://attack.mitre.org/techniques/T1218 
Xwizard.exe,No description found,C:\Windows\System32\xwizard.exe | C:\Windows\SysWOW64\xwizard.exe,Execute | Download,Binaries,T1218 | T1105,https://attack.mitre.org/techniques/T1218 | https://attack.mitre.org/techniques/T1105 
Advpack.dll,Utility for installing software and drivers with rundll32.exe,c:\windows\system32\advpack.dll | c:\windows\syswow64\advpack.dll,AWL bypass | Execute,Libraries,T1218.011,https://attack.mitre.org/techniques/T1218/011 
Desk.cpl,Desktop Settings Control Panel,C:\Windows\System32\desk.cpl | C:\Windows\SysWOW64\desk.cpl,Execute,Libraries,T1218.011,https://attack.mitre.org/techniques/T1218/011 
Dfshim.dll,ClickOnce engine in Windows used by .NET,C:\Windows\Microsoft.NET\Framework\v2.0.50727\Dfsvc.exe | C:\Windows\Microsoft.NET\Framework64\v2.0.50727\Dfsvc.exe | C:\Windows\Microsoft.NET\Framework\v4.0.30319\Dfsvc.exe | C:\Windows\Microsoft.NET\Framework64\v4.0.30319\Dfsvc.exe,AWL bypass,Libraries,T1127,https://attack.mitre.org/techniques/T1127 
Ieadvpack.dll,INF installer for Internet Explorer. Has much of the same functionality as advpack.dll.,c:\windows\system32\ieadvpack.dll | c:\windows\syswow64\ieadvpack.dll,AWL bypass | Execute,Libraries,T1218.011,https://attack.mitre.org/techniques/T1218/011 
Ieframe.dll,Internet Browser DLL for translating HTML code.,c:\windows\system32\ieframe.dll | c:\windows\syswow64\ieframe.dll,Execute,Libraries,T1218.011,https://attack.mitre.org/techniques/T1218/011 
Mshtml.dll,Microsoft HTML Viewer,c:\windows\system32\mshtml.dll | c:\windows\syswow64\mshtml.dll,Execute,Libraries,T1218.011,https://attack.mitre.org/techniques/T1218/011 
Pcwutl.dll,Microsoft HTML Viewer,c:\windows\system32\pcwutl.dll | c:\windows\syswow64\pcwutl.dll,Execute,Libraries,T1218.011,https://attack.mitre.org/techniques/T1218/011 
Setupapi.dll,Windows Setup Application Programming Interface,c:\windows\system32\setupapi.dll | c:\windows\syswow64\setupapi.dll,AWL bypass | Execute,Libraries,T1218.011,https://attack.mitre.org/techniques/T1218/011 
Shdocvw.dll,Shell Doc Object and Control Library.,c:\windows\system32\shdocvw.dll | c:\windows\syswow64\shdocvw.dll,Execute,Libraries,T1218.011,https://attack.mitre.org/techniques/T1218/011 
Shell32.dll,Windows Shell Common Dll,c:\windows\system32\shell32.dll | c:\windows\syswow64\shell32.dll,Execute,Libraries,T1218.011,https://attack.mitre.org/techniques/T1218/011 
Syssetup.dll,Windows NT System Setup,c:\windows\system32\syssetup.dll | c:\windows\syswow64\syssetup.dll,AWL bypass | Execute,Libraries,T1218.011,https://attack.mitre.org/techniques/T1218/011 
Url.dll,Internet Shortcut Shell Extension DLL.,c:\windows\system32\url.dll | c:\windows\syswow64\url.dll,Execute,Libraries,T1218.011,https://attack.mitre.org/techniques/T1218/011 
Zipfldr.dll,Compressed Folder library,c:\windows\system32\zipfldr.dll | c:\windows\syswow64\zipfldr.dll,Execute,Libraries,T1218.011,https://attack.mitre.org/techniques/T1218/011 
Comsvcs.dll,COM+ Services,c:\windows\system32\comsvcs.dll,Dump,Libraries,T1003.001,https://attack.mitre.org/techniques/T1003/001 
AccCheckConsole.exe,Verifies UI accessibility requirements,C:\Program Files (x86)\Windows Kits\10\bin\10.0.22000.0\x86\AccChecker\AccCheckConsole.exe | C:\Program Files (x86)\Windows Kits\10\bin\10.0.22000.0\x64\AccChecker\AccCheckConsole.exe | C:\Program Files (x86)\Windows Kits\10\bin\10.0.22000.0\arm\AccChecker\AccCheckConsole.exe | C:\Program Files (x86)\Windows Kits\10\bin\10.0.22000.0\arm64\AccChecker\AccCheckConsole.exe,Execute | AWL bypass,OtherMSBinaries,T1218,https://attack.mitre.org/techniques/T1218 
adplus.exe,Debugging tool included with Windows Debugging Tools,C:\Program Files (x86)\Windows Kits\10\Debuggers\x64\adplus.exe | C:\Program Files (x86)\Windows Kits\10\Debuggers\x86\adplus.exe,Dump,OtherMSBinaries,T1003.001,https://attack.mitre.org/techniques/T1003/001 
AgentExecutor.exe,Intune Management Extension included on Intune Managed Devices,C:\Program Files (x86)\Microsoft Intune Management Extension,Execute,OtherMSBinaries,T1218,https://attack.mitre.org/techniques/T1218 
Appvlp.exe,Application Virtualization Utility Included with Microsoft Office 2016,C:\Program Files\Microsoft Office\root\client\appvlp.exe | C:\Program Files (x86)\Microsoft Office\root\client\appvlp.exe,Execute,OtherMSBinaries,T1218,https://attack.mitre.org/techniques/T1218 
Bginfo.exe,Background Information Utility included with SysInternals Suite,No fixed path,Execute | AWL bypass,OtherMSBinaries,T1218,https://attack.mitre.org/techniques/T1218 
Cdb.exe,Debugging tool included with Windows Debugging Tools.,C:\Program Files (x86)\Windows Kits\10\Debuggers\x64\cdb.exe | C:\Program Files (x86)\Windows Kits\10\Debuggers\x86\cdb.exe,Execute,OtherMSBinaries,T1127,https://attack.mitre.org/techniques/T1127 
coregen.exe,"Binary coregen.exe (Microsoft CoreCLR Native Image Generator) loads exported function GetCLRRuntimeHost from coreclr.dll or from .DLL in arbitrary path. Coregen is located within â€œC:\Program Files (x86)\Microsoft Silverlight\5.1.50918.0"" or another version of Silverlight. Coregen is signed by Microsoft and bundled with Microsoft Silverlight.",C:\Program Files\Microsoft Silverlight\5.1.50918.0\coregen.exe | C:\Program Files (x86)\Microsoft Silverlight\5.1.50918.0\coregen.exe,Execute | AWL bypass,OtherMSBinaries,T1055 | T1218,https://attack.mitre.org/techniques/T1055 | https://attack.mitre.org/techniques/T1218 
csi.exe,Command line interface included with Visual Studio.,c:\Program Files (x86)\Microsoft Visual Studio\2017\Community\MSBuild\15.0\Bin\Roslyn\csi.exe | c:\Program Files (x86)\Microsoft Web Tools\Packages\Microsoft.Net.Compilers.X.Y.Z\tools\csi.exe,Execute,OtherMSBinaries,T1127,https://attack.mitre.org/techniques/T1127 
DefaultPack.EXE,This binary can be downloaded along side multiple software downloads on the microsoft website. It gets downloaded when the user forgets to uncheck the option to set Bing as the default search provider.,C:\Program Files (x86)\Microsoft\DefaultPack\,Execute,OtherMSBinaries,T1218,https://attack.mitre.org/techniques/T1218 
Devtoolslauncher.exe,Binary will execute specified binary. Part of VS/VScode installation.,c:\windows\system32\devtoolslauncher.exe,Execute,OtherMSBinaries,T1127,https://attack.mitre.org/techniques/T1127 
dnx.exe,.Net Execution environment file included with .Net.,N/A,Execute,OtherMSBinaries,T1127,https://attack.mitre.org/techniques/T1127 
Dotnet.exe,dotnet.exe comes with .NET Framework,C:\Program Files\dotnet\dotnet.exe,AWL bypass | Execute,OtherMSBinaries,T1218,https://attack.mitre.org/techniques/T1218 
Dump64.exe,Memory dump tool that comes with Microsoft Visual Studio,C:\Program Files (x86)\Microsoft Visual Studio\Installer\Feedback\dump64.exe,Dump,OtherMSBinaries,T1003.001,https://attack.mitre.org/techniques/T1003/001 
Dxcap.exe,DirectX diagnostics/debugger included with Visual Studio.,C:\Windows\System32\dxcap.exe | C:\Windows\SysWOW64\dxcap.exe,Execute,OtherMSBinaries,T1127,https://attack.mitre.org/techniques/T1127 
Excel.exe,Microsoft Office binary,C:\Program Files (x86)\Microsoft Office 16\ClientX86\Root\Office16\Excel.exe | C:\Program Files\Microsoft Office 16\ClientX64\Root\Office16\Excel.exe | C:\Program Files (x86)\Microsoft Office\Office16\Excel.exe | C:\Program Files\Microsoft Office\Office16\Excel.exe | C:\Program Files (x86)\Microsoft Office 15\ClientX86\Root\Office15\Excel.exe | C:\Program Files\Microsoft Office 15\ClientX64\Root\Office15\Excel.exe | C:\Program Files (x86)\Microsoft Office\Office15\Excel.exe | C:\Program Files\Microsoft Office\Office15\Excel.exe | C:\Program Files (x86)\Microsoft Office 14\ClientX86\Root\Office14\Excel.exe | C:\Program Files\Microsoft Office 14\ClientX64\Root\Office14\Excel.exe | C:\Program Files (x86)\Microsoft Office\Office14\Excel.exe | C:\Program Files\Microsoft Office\Office14\Excel.exe | C:\Program Files (x86)\Microsoft Office\Office12\Excel.exe | C:\Program Files\Microsoft Office\Office12\Excel.exe | C:\Program Files\Microsoft Office\Office12\Excel.exe,Download,OtherMSBinaries,T1105,https://attack.mitre.org/techniques/T1105 
Fsi.exe,64-bit FSharp (F#) Interpreter included with Visual Studio and DotNet Core SDK.,C:\Program Files\dotnet\sdk\[sdk version]\FSharp\fsi.exe | C:\Program Files (x86)\Microsoft Visual Studio\2019\Professional\Common7\IDE\CommonExtensions\Microsoft\FSharp\fsi.exe,AWL bypass,OtherMSBinaries,T1059,https://attack.mitre.org/techniques/T1059 
FsiAnyCpu.exe,32/64-bit FSharp (F#) Interpreter included with Visual Studio.,c:\Program Files (x86)\Microsoft Visual Studio\2019\Professional\Common7\IDE\CommonExtensions\Microsoft\FSharp\fsianycpu.exe,AWL bypass,OtherMSBinaries,T1059,https://attack.mitre.org/techniques/T1059 
Mftrace.exe,Trace log generation tool for Media Foundation Tools.,C:\Program Files (x86)\Windows Kits\10\bin\10.0.16299.0\x86 | C:\Program Files (x86)\Windows Kits\10\bin\10.0.16299.0\x64 | C:\Program Files (x86)\Windows Kits\10\bin\x86 | C:\Program Files (x86)\Windows Kits\10\bin\x64,Execute,OtherMSBinaries,T1127,https://attack.mitre.org/techniques/T1127 
Msdeploy.exe,Microsoft tool used to deploy Web Applications.,C:\Program Files (x86)\IIS\Microsoft Web Deploy V3\msdeploy.exe,Execute | AWL bypass,OtherMSBinaries,T1218,https://attack.mitre.org/techniques/T1218 
msxsl.exe,Command line utility used to perform XSL transformations.,,Execute | AWL bypass,OtherMSBinaries,T1218,https://attack.mitre.org/techniques/T1218 
ntdsutil.exe,Command line utility used to export Active Directory.,C:\Windows\System32\ntdsutil.exe,Dump,OtherMSBinaries,T1003.003,https://attack.mitre.org/techniques/T1003/003 
Powerpnt.exe,Microsoft Office binary.,C:\Program Files (x86)\Microsoft Office 16\ClientX86\Root\Office16\Powerpnt.exe | C:\Program Files\Microsoft Office 16\ClientX64\Root\Office16\Powerpnt.exe | C:\Program Files (x86)\Microsoft Office\Office16\Powerpnt.exe | C:\Program Files\Microsoft Office\Office16\Powerpnt.exe | C:\Program Files (x86)\Microsoft Office 15\ClientX86\Root\Office15\Powerpnt.exe | C:\Program Files\Microsoft Office 15\ClientX64\Root\Office15\Powerpnt.exe | C:\Program Files (x86)\Microsoft Office\Office15\Powerpnt.exe | C:\Program Files\Microsoft Office\Office15\Powerpnt.exe | C:\Program Files (x86)\Microsoft Office 14\ClientX86\Root\Office14\Powerpnt.exe | C:\Program Files\Microsoft Office 14\ClientX64\Root\Office14\Powerpnt.exe | C:\Program Files (x86)\Microsoft Office\Office14\Powerpnt.exe | C:\Program Files\Microsoft Office\Office14\Powerpnt.exe | C:\Program Files (x86)\Microsoft Office\Office12\Powerpnt.exe | C:\Program Files\Microsoft Office\Office12\Powerpnt.exe | C:\Program Files\Microsoft Office\Office12\Powerpnt.exe,Download,OtherMSBinaries,T1105,https://attack.mitre.org/techniques/T1105 
Procdump(64).exe,SysInternals Memory Dump Tool,,Execute,OtherMSBinaries,T1202,https://attack.mitre.org/techniques/T1202 
rcsi.exe,Non-Interactive command line inerface included with Visual Studio.,,Execute | AWL bypass,OtherMSBinaries,T1127,https://attack.mitre.org/techniques/T1127 
Remote.exe,Debugging tool included with Windows Debugging Tools,C:\Program Files (x86)\Windows Kits\10\Debuggers\x64\remote.exe | C:\Program Files (x86)\Windows Kits\10\Debuggers\x86\remote.exe,AWL bypass | Execute,OtherMSBinaries,T1127,https://attack.mitre.org/techniques/T1127 
Sqldumper.exe,Debugging utility included with Microsoft SQL.,C:\Program Files\Microsoft SQL Server\90\Shared\SQLDumper.exe | C:\Program Files (x86)\Microsoft Office\root\vfs\ProgramFilesX86\Microsoft Analysis\AS OLEDB\140\SQLDumper.exe,Dump,OtherMSBinaries,T1003 | T1003.001,https://attack.mitre.org/techniques/T1003 | https://attack.mitre.org/techniques/T1003/001 
Sqlps.exe,Tool included with Microsoft SQL Server that loads SQL Server cmdlets. Microsoft SQL Server\100 and 110 are Powershell v2. Microsoft SQL Server\120 and 130 are Powershell version 4. Replaced by SQLToolsPS.exe in SQL Server 2016; but will be included with installation for compatability reasons.,C:\Program files (x86)\Microsoft SQL Server\100\Tools\Binn\sqlps.exe | C:\Program files (x86)\Microsoft SQL Server\110\Tools\Binn\sqlps.exe | C:\Program files (x86)\Microsoft SQL Server\120\Tools\Binn\sqlps.exe | C:\Program files (x86)\Microsoft SQL Server\130\Tools\Binn\sqlps.exe | C:\Program Files (x86)\Microsoft SQL Server\150\Tools\Binn\SQLPS.exe,Execute,OtherMSBinaries,T1218,https://attack.mitre.org/techniques/T1218 
SQLToolsPS.exe,Tool included with Microsoft SQL that loads SQL Server cmdlts. A replacement for sqlps.exe. Successor to sqlps.exe in SQL Server 2016+.,C:\Program files (x86)\Microsoft SQL Server\130\Tools\Binn\sqlps.exe,Execute,OtherMSBinaries,T1218,https://attack.mitre.org/techniques/T1218 
Squirrel.exe,Binary to update the existing installed Nuget/squirrel package. Part of Microsoft Teams installation.,%localappdata%\Microsoft\Teams\current\Squirrel.exe,Download | AWL bypass | Execute,OtherMSBinaries,T1218,https://attack.mitre.org/techniques/T1218 
te.exe,Testing tool included with Microsoft Test Authoring and Execution Framework (TAEF).,,Execute,OtherMSBinaries,T1127,https://attack.mitre.org/techniques/T1127 
Tracker.exe,Tool included with Microsoft .Net Framework.,,Execute | AWL bypass,OtherMSBinaries,T1127,https://attack.mitre.org/techniques/T1127 
Update.exe,Binary to update the existing installed Nuget/squirrel package. Part of Microsoft Teams installation.,%localappdata%\Microsoft\Teams\update.exe,Download | AWL bypass | Execute,OtherMSBinaries,T1218 | T1547 | T1070,https://attack.mitre.org/techniques/T1218 | https://attack.mitre.org/techniques/T1547 | https://attack.mitre.org/techniques/T1070 
VSIISExeLauncher.exe,Binary will execute specified binary. Part of VS/VScode installation.,C:\Program Files (x86)\Microsoft Visual Studio\2019\Community\Common7\IDE\Extensions\Microsoft\Web Tools\ProjectSystem\VSIISExeLauncher.exe,Execute,OtherMSBinaries,T1218,https://attack.mitre.org/techniques/T1218 
VisualUiaVerifyNative.exe,A Windows SDK binary for manual and automated testing of Microsoft UI Automation implementation and controls.,c:\Program Files (x86)\Windows Kits\10\bin\[SDK version]\arm64\UIAVerify\VisualUiaVerifyNative.exe | c:\Program Files (x86)\Windows Kits\10\bin\[SDK version]\x64\UIAVerify\VisualUiaVerifyNative.exe | c:\Program Files (x86)\Windows Kits\10\bin\[SDK version]\UIAVerify\VisualUiaVerifyNative.exe,AWL bypass,OtherMSBinaries,T1218,https://attack.mitre.org/techniques/T1218 
vsjitdebugger.exe,Just-In-Time (JIT) debugger included with Visual Studio,c:\windows\system32\vsjitdebugger.exe,Execute,OtherMSBinaries,T1127,https://attack.mitre.org/techniques/T1127 
Wfc.exe,The Workflow Command-line Compiler tool is included with the Windows Software Development Kit (SDK).,C:\Program Files (x86)\Microsoft SDKs\Windows\v10.0A\bin\NETFX 4.8 Tools\wfc.exe,AWL bypass,OtherMSBinaries,T1127,https://attack.mitre.org/techniques/T1127 
Winword.exe,Microsoft Office binary,C:\Program Files\Microsoft Office\root\Office16\winword.exe | C:\Program Files (x86)\Microsoft Office 16\ClientX86\Root\Office16\winword.exe | C:\Program Files\Microsoft Office 16\ClientX64\Root\Office16\winword.exe | C:\Program Files (x86)\Microsoft Office\Office16\winword.exe | C:\Program Files\Microsoft Office\Office16\winword.exe | C:\Program Files (x86)\Microsoft Office 15\ClientX86\Root\Office15\winword.exe | C:\Program Files\Microsoft Office 15\ClientX64\Root\Office15\winword.exe | C:\Program Files (x86)\Microsoft Office\Office15\winword.exe | C:\Program Files\Microsoft Office\Office15\winword.exe | C:\Program Files (x86)\Microsoft Office 14\ClientX86\Root\Office14\winword.exe | C:\Program Files\Microsoft Office 14\ClientX64\Root\Office14\winword.exe | C:\Program Files (x86)\Microsoft Office\Office14\winword.exe | C:\Program Files\Microsoft Office\Office14\winword.exe | C:\Program Files (x86)\Microsoft Office\Office12\winword.exe | C:\Program Files\Microsoft Office\Office12\winword.exe | C:\Program Files\Microsoft Office\Office12\winword.exe,Download,OtherMSBinaries,T1105,https://attack.mitre.org/techniques/T1105 
Wsl.exe,Windows subsystem for Linux executable,C:\Windows\System32\wsl.exe,Execute | Download,OtherMSBinaries,T1202,https://attack.mitre.org/techniques/T1202 
CL_LoadAssembly.ps1,PowerShell Diagnostic Script,C:\Windows\diagnostics\system\Audio\CL_LoadAssembly.ps1,Execute,Scripts,T1216,https://attack.mitre.org/techniques/T1216 
CL_Mutexverifiers.ps1,No description found,C:\Windows\diagnostics\system\WindowsUpdate\CL_Mutexverifiers.ps1 | C:\Windows\diagnostics\system\Audio\CL_Mutexverifiers.ps1 | C:\Windows\diagnostics\system\WindowsUpdate\CL_Mutexverifiers.ps1 | C:\Windows\diagnostics\system\Video\CL_Mutexverifiers.ps1 | C:\Windows\diagnostics\system\Speech\CL_Mutexverifiers.ps1,Execute,Scripts,T1216,https://attack.mitre.org/techniques/T1216 
CL_Invocation.ps1,Aero diagnostics script,C:\Windows\diagnostics\system\AERO\CL_Invocation.ps1 | C:\Windows\diagnostics\system\Audio\CL_Invocation.ps1 | C:\Windows\diagnostics\system\WindowsUpdate\CL_Invocation.ps1,Execute,Scripts,T1216,https://attack.mitre.org/techniques/T1216 
Manage-bde.wsf,Script for managing BitLocker,C:\Windows\System32\manage-bde.wsf,Execute,Scripts,T1216,https://attack.mitre.org/techniques/T1216 
Pubprn.vbs,No description found,C:\Windows\System32\Printing_Admin_Scripts\en-US\pubprn.vbs | C:\Windows\SysWOW64\Printing_Admin_Scripts\en-US\pubprn.vbs,Execute,Scripts,T1216.001,https://attack.mitre.org/techniques/T1216/001 
Syncappvpublishingserver.vbs,Script used related to app-v and publishing server,C:\Windows\System32\SyncAppvPublishingServer.vbs,Execute,Scripts,T1216,https://attack.mitre.org/techniques/T1216 
UtilityFunctions.ps1,PowerShell Diagnostic Script,C:\Windows\diagnostics\system\Networking\UtilityFunctions.ps1,Execute,Scripts,T1216,https://attack.mitre.org/techniques/T1216 
winrm.vbs,Script used for manage Windows RM settings,C:\Windows\System32\winrm.vbs | C:\Windows\SysWOW64\winrm.vbs,Execute | AWL bypass,Scripts,T1216,https://attack.mitre.org/techniques/T1216 
Pester.bat,Used as part of the Powershell pester,c:\Program Files\WindowsPowerShell\Modules\Pester\3.4.0\bin\Pester.bat | c:\Program Files\WindowsPowerShell\Modules\Pester\*\bin\Pester.bat,Execute,Scripts,T1216,https://attack.mitre.org/techniques/T1216 
